id,title,text,url,media_id,published_on,created_at,user,user_id,user_image,attached_image_url,social_media,social_media_custom_name,search_term,polarization,reach,favorite,tags,latitude,longitude,media_parent_id,country,country_short,state,state_short,city,gender,notes
3298,Twitter - Palavra chave,@Tamarutaco ixe vou parar na malha fina,http://twitter.com/agentelaranja/statuses/994592659581952001,994592659581952001,2018-05-10 11:59:03 -0300,2018-05-10 15:27:49 -0300,agentelaranja,14548176,https://pbs.twimg.com/profile_images/592040017561788416/osaH_xGu_normal.jpg,,twitter,,malha-fina,neutra,1456,false,"",-23.5500,-46.6333,,Brazil,BR,São Paulo,SP,São Paulo,M,""
3280,Twitter - Palavra chave,@xicosa Caí na malha fina da receita e sabequanto tempo tenho pra pagar? 30 MESES. Ser empresário nesse país é uma mamata!,http://twitter.com/Fusquinhademae/statuses/994556059397296128,994556059397296128,2018-05-10 09:33:37 -0300,2018-05-10 09:59:41 -0300,Fusquinhademae,28345530,https://pbs.twimg.com/profile_images/531462511170555904/OND9IwEA_normal.jpeg,,twitter,,malha-fina,negativa,159,false,"",,,,,,,,,F,""
3261,Twitter - Palavra chave,@jcmonteiro50 Conferindo teus recibos do dentista e te mandando pra malha fina por causa de R$200 que vc esqueceu de declarar,http://twitter.com/belinha_Inez/statuses/994397731169996800,994397731169996800,2018-05-09 23:04:28 -0300,2018-05-09 23:09:15 -0300,belinha_Inez,3207380655,https://pbs.twimg.com/profile_images/979369862706409472/qTnGYDVD_normal.jpg,,twitter,,malha-fina,negativa,2089,false,"",37.09024,-95.712891,,United States,US,Pennsylvania,PA,Zelienople,F,""
3258,Twitter - Palavra chave,"@adrianoroma11 @jose_neumanne Estava preocupada em me deixar na malha fina por causa de um recibo R$ 120,00 não declarado pelo profissional da saúde!",http://twitter.com/Spaciatto/statuses/994304388628975617,994304388628975617,2018-05-09 16:53:34 -0300,2018-05-09 19:42:31 -0300,Spaciatto,769675352264306688,https://pbs.twimg.com/profile_images/963788555519713282/PJkPgShz_normal.jpg,,twitter,,malha-fina,negativa,12,false,"",-23.5500,-46.6333,,Brazil,BR,São Paulo,SP,São Paulo,M,""
3037,Twitter - Palavra chave,@chico_pinheiro @Tuti__Pd Eu desempregado caí na malha fina ...,http://twitter.com/jorgew74/statuses/994058955474325504,994058955474325504,2018-05-09 00:38:18 -0300,2018-05-09 01:41:47 -0300,jorgew74,729772652764762114,https://abs.twimg.com/sticky/default_profile_images/default_profile_normal.png,,twitter,,"""malha fina""",negativa,54,false,"",,,,,,,,,M,""
2881,Twitter - Palavra chave,@jefer234 Mas a Receita Federal só coloca na malha fina os trabalhadores honestos. Vai entender ne?,http://twitter.com/criscamocim/statuses/993268952863334400,993268952863334400,2018-05-06 20:19:07 -0300,2018-05-06 23:43:32 -0300,criscamocim,63595559,https://pbs.twimg.com/profile_images/1235932338/DSC01343__580x640__normal.jpg,,twitter,,"""malha fina""",positiva,924,false,"",-2.9014475,-40.8388865,,Brazil,BR,Ceará,CE,Camocim,,""
2879,Twitter - Palavra chave,@Primteixeira @N_Carvalheira @ReceitaFederal Concordo! Eu fui pra malha fina por conta de gasto com dentista. Tive que provar os recibos...os tinha todos! Hj pago 8 prestações de 2 mil! E esses ladrões dão nó em pingo d’água e ninguém vê! Caçam pulgas e deixam livres elefantes!,http://twitter.com/StelaCarrinho/statuses/993226912859414529,993226912859414529,2018-05-06 17:32:03 -0300,2018-05-06 20:09:45 -0300,StelaCarrinho,198359444,https://pbs.twimg.com/profile_images/989668749165940739/qbOdniMt_normal.jpg,,twitter,,malha-fina,negativa,872,false,"",-23.5500,-46.6333,,Brazil,BR,São Paulo,SP,São Paulo,F,""
2874,Twitter - Palavra chave,Já caí a malha fina :no_mouth:,http://twitter.com/Heiji_ho_/statuses/993140697241878529,993140697241878529,2018-05-06 11:49:28 -0300,2018-05-06 13:06:18 -0300,Heiji_ho_,940392709390503937,https://pbs.twimg.com/profile_images/992842799681888257/kFo4zLbo_normal.jpg,,twitter,,"""malha fina""",neutra,125,false,"",,,,,,,,,,""
2857,Twitter - Palavra chave,@guilhermec013 @guardiacesar_ na malha fina,http://twitter.com/GuuzLima_/statuses/992779882164834305,992779882164834305,2018-05-05 11:55:43 -0300,2018-05-05 13:14:49 -0300,GuuzLima_,387700772,https://pbs.twimg.com/profile_images/988844955954286592/8MRcP2mb_normal.jpg,,twitter,,"""malha fina""",neutra,482,false,"",,,,,,,,,M,""
2848,Twitter - Palavra chave,"Cidadão,  se vc errar uma virgula em sua Declaração de Renda,  vai pra malha fina.....  Mas essa mesma Receita e... https://t.co/XDGEqWmKjs",http://twitter.com/luizxaxu/statuses/992743851856220160,992743851856220160,2018-05-05 09:32:33 -0300,2018-05-05 10:47:24 -0300,luizxaxu,62265955,https://pbs.twimg.com/profile_images/344188389/FOTOS_171_normal.jpg,,twitter,,malha-fina,positiva,31,false,"",,,,,,,,,,""
2803,Twitter - Palavra chave,@giumarquesg nossa amiga mas a gente tem carro e agora?? vou cair na malha fina aquelaskkkksn,http://twitter.com/calliopses/statuses/992531395288420357,992531395288420357,2018-05-04 19:28:19 -0300,2018-05-04 20:22:49 -0300,calliopses,893455261,https://pbs.twimg.com/profile_images/966592615243309056/vFzHwvT0_normal.jpg,,twitter,,malha-fina,neutra,424,false,"",,,,,,,,,F,""
2802,Twitter - Palavra chave,Mais de 10 mil piauienses caíram na malha fina nesse ano Jornal Piauí https://t.co/c1cYhneWvt,http://twitter.com/JornalPiaui/statuses/992509286625529861,992509286625529861,2018-05-04 18:00:28 -0300,2018-05-04 18:33:43 -0300,JornalPiaui,925905636570869760,https://pbs.twimg.com/profile_images/992305532642910208/TcGUNAEJ_normal.jpg,https://pbs.twimg.com/media/DcYZ732XkAAcoWg.jpg,twitter,,malha-fina,negativa,64,false,"",-7.718340100000001,-42.72892359999999,,Brazil,BR,Piauí,PI,,,""
2791,Twitter - Palavra chave,Cerca de 10 mil declarações de piauienses caíram na malha fina do IR https://t.co/97YlLrfVVy,http://twitter.com/portalesp/statuses/992379402112598016,992379402112598016,2018-05-04 09:24:21 -0300,2018-05-04 09:32:42 -0300,portalesp,26760341,https://pbs.twimg.com/profile_images/831219122071621632/F6-mrCWE_normal.jpg,,twitter,,"""malha fina""",negativa,452,false,"",-14.235004,-51.92528,,Brazil,BR,,,,,""
2775,Twitter - Palavra chave,"Abrace o mundo todo e perca sua paciência, deixe a remela nos olhos; viva intensamente, esqueça os boletos e caia na malha fina.  A felicidade é um suspiro, a alma é grande, mas as costas doem.",http://twitter.com/camilinha_vas/statuses/992109580523134976,992109580523134976,2018-05-03 15:32:11 -0300,2018-05-03 16:13:48 -0300,camilinha_vas,229134253,https://pbs.twimg.com/profile_images/524719897289310208/lCeXVIyJ_normal.jpeg,,twitter,,"""malha fina""",neutra,447,false,"",-30.0346471,-51.2176584,,Brazil,BR,Rio Grande do Sul,RS,Porto Alegre,F,""
2749,Twitter - Palavra chave,IR: mais de 10 mil piauienses caíram na malha fina nesse ano #cidadeverde https://t.co/HnLlE9PZCr,http://twitter.com/cidadeverde/statuses/992020866291650561,992020866291650561,2018-05-03 09:39:40 -0300,2018-05-03 10:33:04 -0300,cidadeverde,69399784,https://pbs.twimg.com/profile_images/859788678138343425/sv9QqeNH_normal.jpg,,twitter,,malha-fina,negativa,21499,false,"",-5.0920108,-42.80375970000001,,Brazil,BR,Piauí,PI,Teresina,,""
2746,Twitter - Palavra chave,"#lavajato hj no #RJ para prender doleiros que movimentaram mais 1BI #dólares de $ sujo. Enquanto isso a @ReceitaFederal colocou meu cliente em #malhafina por causa de 150,00 de despesas médicas. Parece piada.:. #brasil #corrupção #receitafederal #bacen",http://twitter.com/EduLemos01/statuses/991981091203493888,991981091203493888,2018-05-03 07:01:36 -0300,2018-05-03 07:45:25 -0300,EduLemos01,3393801125,https://pbs.twimg.com/profile_images/946726471472746496/ho5A3ADU_normal.jpg,,twitter,,malhafina,negativa,179,false,"",,,,,,,,,M,""
2718,Twitter - Palavra chave,"RT @_hercules_k: @Ilisp_org E a @ReceitaFederal ??? Ela já está na malha fina, correto ?",http://twitter.com/kriellopsi/statuses/991763524752936960,991763524752936960,2018-05-02 16:37:05 -0300,2018-05-02 16:39:07 -0300,kriellopsi,42333436,https://pbs.twimg.com/profile_images/817084012808306690/xoQkff9Q_normal.jpg,,twitter,,"""malha fina""",positiva,666,false,"",,,991705876598808576,,,,,,,""
2720,Twitter - Palavra chave,Como será que os gestores fazem pra declarar o I.R. e não caírem na malha fina? https://t.co/6tcnYfW8zd,http://twitter.com/ricbrunet/statuses/991726937717510144,991726937717510144,2018-05-02 14:11:42 -0300,2018-05-02 16:39:10 -0300,ricbrunet,346854538,https://pbs.twimg.com/profile_images/985118039472525313/OGvE6xNt_normal.jpg,,twitter,,malha-fina,positiva,20,false,"",-29.459582,-51.96494209999999,,Brazil,BR,Rio Grande do Sul,RS,Lajeado,M,""
2723,Twitter - Palavra chave,"@Ilisp_org E a @ReceitaFederal ??? Ela já está na malha fina, correto ?",http://twitter.com/_hercules_k/statuses/991705876598808576,991705876598808576,2018-05-02 12:48:00 -0300,2018-05-02 16:39:11 -0300,_hercules_k,201118712,https://pbs.twimg.com/profile_images/927644841172901890/mOjyTyCP_normal.jpg,,twitter,,"""malha fina""",positiva,200,false,"",,,,,,,,,,""
2701,Twitter - Palavra chave,cai na malha fina clã,http://twitter.com/ggugaz/statuses/991660783884005376,991660783884005376,2018-05-02 09:48:49 -0300,2018-05-02 10:31:54 -0300,ggugaz,36146616,https://pbs.twimg.com/profile_images/806234085442093056/lUHTg-Ou_normal.jpg,,twitter,,malha-fina,negativa,12887,false,"",-23.5500,-46.6333,,Brazil,BR,São Paulo,SP,São Paulo,,""
2639,Lançamento indevido na receita Federal,Grupo prive está lançando pgs do meu distrato na receita federal cai na malha fina e agora querem me tributar 2 vezes pois já fui tributado no meu salário...Ja enviei e-mail sem resposta..,http://www.reclameaqui.com.br/35024478/grupo-prive/Lançamento indevido na receita Federal/,http://www.reclameaqui.com.br/35024478/grupo-prive/Lançamento indevido na receita Federal/,2018-05-01 17:10:04 -0300,2018-05-01 23:48:14 -0300,"",,,,reclame_aqui,,malha-fina,negativa,1,false,"",,,,,,,,,,""
2487,Twitter - Palavra chave,RT @QuintinoElisete: @rcp01 Exatamente. Um trabalhador que deixa de colocar qquer ganho na declaração do imposto já cai na malha fina. E co…,http://twitter.com/ruy_sena/statuses/991337315451723778,991337315451723778,2018-05-01 12:23:28 -0300,2018-05-01 13:19:44 -0300,ruy_sena,721352348178780164,https://pbs.twimg.com/profile_images/743613415772545024/u2u-73CW_normal.jpg,,twitter,,"""malha fina""",negativa,42,false,"",-12.9730401,-38.502304,991316444783751168,Brazil,BR,Bahia,BA,Salvador,,""
2477,Twitter - Palavra chave,RT @QuintinoElisete: @rcp01 Exatamente. Um trabalhador que deixa de colocar qquer ganho na declaração do imposto já cai na malha fina. E co…,http://twitter.com/Gil_BR_MG/statuses/991319958683561986,991319958683561986,2018-05-01 11:14:30 -0300,2018-05-01 11:23:47 -0300,Gil_BR_MG,834032272663859200,https://pbs.twimg.com/profile_images/982356883695722496/b0qDZW1E_normal.jpg,,twitter,,"""malha fina""",negativa,1128,false,"",,,991316444783751168,,,,,,M,""
2479,Twitter - Palavra chave,RT @QuintinoElisete: @rcp01 Exatamente. Um trabalhador que deixa de colocar qquer ganho na declaração do imposto já cai na malha fina. E co…,http://twitter.com/Ramo_Junior2/statuses/991318266579767296,991318266579767296,2018-05-01 11:07:47 -0300,2018-05-01 11:23:47 -0300,Ramo_Junior2,895255151975571456,https://pbs.twimg.com/profile_images/981310094410383361/1cFBVDhC_normal.jpg,,twitter,,malha-fina,negativa,512,false,"",,,991316444783751168,,,,,,M,""
2481,Twitter - Palavra chave,"RT @jotaefe2805: ....SENTADO EM MINHA CADEIRA DE BALANÇO, ESPERANDO, AS MANIFESTAÇÕES DA QUADRILHA BRASILEIRA, CHAMADA @ReceitaFederal !...…",http://twitter.com/andersonxavie07/statuses/991315036781064192,991315036781064192,2018-05-01 10:54:57 -0300,2018-05-01 11:23:50 -0300,andersonxavie07,3080569449,https://pbs.twimg.com/profile_images/595251039005192193/ey770YMO_normal.jpg,,twitter,,"""malha fina""",negativa,117,false,"",,,991311308334227457,Brazil,BR,São Paulo,SP,São José do Rio Preto,M,""
2483,Twitter - Palavra chave,"RT @jotaefe2805: ....SENTADO EM MINHA CADEIRA DE BALANÇO, ESPERANDO, AS MANIFESTAÇÕES DA QUADRILHA BRASILEIRA, CHAMADA @ReceitaFederal !...…",http://twitter.com/EspTomaz/statuses/991312411763335171,991312411763335171,2018-05-01 10:44:31 -0300,2018-05-01 11:23:50 -0300,EspTomaz,2699475254,https://pbs.twimg.com/profile_images/638801648232624128/3F9PRTQV_normal.jpg,,twitter,,malha-fina,negativa,463,false,"",-15.826691,-47.92182039999999,991311308334227457,Mexico,MX,Distrito Federal,D.F.,Ciudad de México,,""
2456,Twitter - Palavra chave,"Vc se considera efetivamente adulto quando, pela primeira vez, mesmo que no último dia, consegue fazer o Imposto de Renda. Leão e Malha Fina agora fazem parte do meu vocábulo. :man::skin-tone-2:‍:briefcase::lion_face:",http://twitter.com/nanatolipe/statuses/991136244422856704,991136244422856704,2018-04-30 23:04:29 -0300,2018-05-01 00:00:16 -0300,nanatolipe,807354499660705793,https://pbs.twimg.com/profile_images/844979779304652800/02T3oFUT_normal.jpg,,twitter,,"""malha fina""",negativa,10,false,"",-22.9068467,-43.1728965,,Brazil,BR,Rio de Janeiro,RJ,Rio de Janeiro,M,""
2458,Twitter - Palavra chave,Alerta: 15% dos declarantes do IR no Amazonas podem cair na malha fina https://t.co/lYkygtUnOo,http://twitter.com/emtempooficial/statuses/991132239000895489,991132239000895489,2018-04-30 22:48:34 -0300,2018-05-01 00:00:18 -0300,emtempooficial,107751841,https://pbs.twimg.com/profile_images/925078785933930497/PosZxkGb_normal.jpg,,twitter,,malha-fina,negativa,73475,false,"",-3.1190275,-60.0217314,,Brazil,BR,Amazonas,AM,Manaus,,""
2440,Twitter - Palavra chave,@_mrk001 @elenalandau Fora que entregar fora do prazo significa ir para malha fina com quase total certeza.,http://twitter.com/danielkarrer/statuses/991113125112971264,991113125112971264,2018-04-30 21:32:37 -0300,2018-04-30 21:38:16 -0300,danielkarrer,70157084,https://pbs.twimg.com/profile_images/989314868766498816/VvMjBs-I_normal.jpg,,twitter,,"""malha fina""",neutra,214,false,"",,,,,,,,,M,""
2370,Twitter - Palavra chave,"@victoriiamnz @afulaninhadebvb Uma fonte pagadora deu uma cédula c com valores diferentes do que o informou a Receita, eu declarei e cai na malha fina, eles me disseram onde era o erro. Eu retifiquei e deu tudo certo. Nem precisei dizer fui induzido ao erro por receber informação errada.",http://twitter.com/_juniorfeitosa/statuses/990778384136527872,990778384136527872,2018-04-29 23:22:29 -0300,2018-04-30 01:04:46 -0300,_juniorfeitosa,153158716,https://pbs.twimg.com/profile_images/958784696825143296/DLLBliE9_normal.jpg,,twitter,,"""malha fina""",negativa,1110,false,"",,,,,,,,,,""
2310,Twitter - Palavra chave,"@SpicePaulo Teve um ano q meu pai caiu na malha fina, por um erro de digitação, cuja diferença deu 1 centavo",http://twitter.com/gczottich2/statuses/990378823962243072,990378823962243072,2018-04-28 20:54:46 -0300,2018-04-28 21:58:23 -0300,gczottich2,725669392705544192,https://pbs.twimg.com/profile_images/987084627482480640/9w58BU2a_normal.jpg,,twitter,,"""malha fina""",negativa,74,false,"",,,,,,,,,M,""
2293,Twitter - Palavra chave,Aquele refrigerante que se toma quando cai na malha fina.  O Baku.,http://twitter.com/DoctorClimao/statuses/990220936619220992,990220936619220992,2018-04-28 10:27:23 -0300,2018-04-28 10:39:19 -0300,DoctorClimao,17692580,https://pbs.twimg.com/profile_images/978791267357380608/iAkJMXdm_normal.jpg,,twitter,,"""malha fina""",negativa,761,false,"",-14.235004,-51.92528,,Brazil,BR,,,,M,""
2265,Twitter - Palavra chave,Depois caí na malha fina https://t.co/dRT7MC9z7k,http://twitter.com/joaoinghes/statuses/989946758359904256,989946758359904256,2018-04-27 16:17:54 -0300,2018-04-27 17:38:37 -0300,joaoinghes,138835190,https://pbs.twimg.com/profile_images/980974074997432321/blH7HthC_normal.jpg,,twitter,,malha-fina,neutra,1156,false,"",-30.0824005,-51.0199456,,Brazil,BR,Rio Grande do Sul,RS,Viamão,M,""
2641,Imposto de renda não declarado pela Unimed Goiânia,"Cai na malha fina da Receita Federal em decorrência da Unimed Goiânia ter declarado R$0,00 de pagamentos do plano de saúde que tenho contratado com eles. Via telefone, a Unimed Goiânia informou que teria que ser atendido presencialmente para resolver a questão. Pessoalmente, me disseram que eu teria que ir à Receita Federal com o comprovante que me passaram. Em outras palavras, não fizeram nada para resolver a questão e, considerando o comportamento fraudulento em tela e com reclamações de outras pessoas na própria fila de atendimento, denota a má intenção da empresa em sonegar imposto as custas de seus clientes. Reitero que nunca houve se quer atraso no pagamento do serviço e que, em suma, a maneira como foi conduzida a situação pela empresa foi desrespeitosa e e omissa.",http://www.reclameaqui.com.br/RNxWxOtC0d1-yr87/unimed-goiania--go/Imposto de renda não declarado pela Unimed Goiânia/,qui.com.br/RNxWxOtC0d1-yr87/unimed-goiania--go/Imposto de renda não declarado pela Unimed Goiânia/,2018-04-27 12:27:51 -0300,2018-05-01 23:48:16 -0300,"",,,,reclame_aqui,,"""malha fina""",negativa,1,false,"",,,,,,,,,,""
2244,Twitter - Palavra chave,Alguém expert em IR?   A empresa me passou um informe de rendimentos que não faz sentido (ganhei menos que ano passado)  Enviei para não perder o prazo. Acho que cairei na malha fina...,http://twitter.com/investidorIn/statuses/989867612820721664,989867612820721664,2018-04-27 11:03:24 -0300,2018-04-27 11:41:44 -0300,investidorIn,797022133469716484,https://pbs.twimg.com/profile_images/797026104628355072/DrgYYof8_normal.jpg,,twitter,,"""malha fina""",neutra,491,false,"",-23.5500,-46.6333,,Brazil,BR,São Paulo,SP,São Paulo,,""
2220,Twitter - Palavra chave,@governodobrasil Estou até agora (7dias) esperando resposta sobre minha pergunta para @ReceitaFederal eu outro post sobre os motivos que levam a contribuintes ficarem em malha fina em ações judiciais com dedução do honorários adv...:cry: https://t.co/SNNo5bj4gN,http://twitter.com/EduLemos01/statuses/989654710020866048,989654710020866048,2018-04-26 20:57:24 -0300,2018-04-26 21:11:49 -0300,EduLemos01,3393801125,https://pbs.twimg.com/profile_images/946726471472746496/ho5A3ADU_normal.jpg,https://pbs.twimg.com/media/Dbv1tZmXcAA-BTU.jpg,twitter,,"""malha fina""",neutra,172,false,"",,,,,,,,,M,""
2211,Twitter - Palavra chave,"Eu . Inclusive ano passado cai na malha fina, esse ano favor arranjar outra vítima . Grata desde já . https://t.co/KT3DKazVCm",http://twitter.com/Amandaa821/statuses/989571147426598912,989571147426598912,2018-04-26 15:25:21 -0300,2018-04-26 16:46:30 -0300,Amandaa821,588614168,https://pbs.twimg.com/profile_images/768234769117224960/4-s0Hw-C_normal.jpg,,twitter,,malha-fina,negativa,278,false,"",,,,,,,,,F,""
2212,Twitter - Palavra chave,Caiu na malha fina.... delícia.!,http://twitter.com/llelena/statuses/989568502502690816,989568502502690816,2018-04-26 15:14:50 -0300,2018-04-26 16:46:31 -0300,llelena,55980205,https://pbs.twimg.com/profile_images/756701711876710401/meI3VXbz_normal.jpg,,twitter,,malha-fina,negativa,1804,false,"",-18.512178,-44.5550308,,Brazil,BR,Minas Gerais,MG,,F,""
2185,Twitter - Palavra chave,cai na malha fina ano passado! será que cairei esse ano novamente?,http://twitter.com/r4chtuita/statuses/989547251277148166,989547251277148166,2018-04-26 13:50:24 -0300,2018-04-26 14:18:56 -0300,r4chtuita,4330163176,https://pbs.twimg.com/profile_images/987437498728091648/dvYAb-gT_normal.jpg,,twitter,,"""malha fina""",negativa,8791,false,"",,,,,,,,,,""
2186,Twitter - Palavra chave,@KamiladoPop prontinha pra cair na malha fina novamente,http://twitter.com/r4chtuita/statuses/989546947202764802,989546947202764802,2018-04-26 13:49:11 -0300,2018-04-26 14:18:56 -0300,r4chtuita,4330163176,https://pbs.twimg.com/profile_images/987437498728091648/dvYAb-gT_normal.jpg,,twitter,,"""malha fina""",neutra,8791,false,"",,,,,,,,,,""
2205,Facebook Public Pages (Comment),Malha fina .... caiu mesmo kkkk,http://www.facebook.com/Veja/posts/10156023630230617?comment_id=10156024071445617,10156023630230617_10156024071445617,2018-04-25 21:20:31 -0300,2018-04-26 15:24:26 -0300,Usuário desconhecido,10156023630230617_10156024071445617,,,facebook_public_pages,,"""malha fina""",negativa,1,false,"",,,10156023630230617,,,,,,,""
3,Twitter - Palavra chave,Sentindo mais uma vez o cheirinho da malha fina.,http://twitter.com/nztedesco/statuses/989187777647529984,989187777647529984,2018-04-25 14:01:59 -0300,2018-04-25 15:07:13 -0300,nztedesco,1728993758,https://pbs.twimg.com/profile_images/988567859210215426/SPLaR_8k_normal.jpg,,twitter,,"""malha fina""",neutra,862,false,"",,,,,,,,,,""
31,Twitter - Palavra chave,@leticia_ab01 @Roseanedias15 caraca mane botou na  malha fina........,http://twitter.com/vkllt/statuses/988997061801664512,988997061801664512,2018-04-25 01:24:08 -0300,2018-04-25 15:07:28 -0300,vkllt,3798877708,https://pbs.twimg.com/profile_images/988961428496437248/8bRrBAsk_normal.jpg,,twitter,,"""malha fina""",neutra,186,false,"",-22.9068467,-43.1728965,,Brazil,BR,Rio de Janeiro,RJ,Rio de Janeiro,,""
1972,Facebook Public Pages (Comment),... eeeeeee caiu na malha fina,http://www.facebook.com/porque.economia/posts/1061617484002037?comment_id=1061801657316953,1061617484002037_1061801657316953,2018-04-24 19:43:46 -0300,2018-04-25 15:16:15 -0300,Usuário desconhecido,1061617484002037_1061801657316953,,,facebook_public_pages,,"""malha fina""",negativa,1,false,"",,,1061617484002037,,,,,,,""
629,Twitter - Palavra chave,"@NanciPerri @AnjoNpi Enquanto na Espanha se pune Neymar,Messi ou qquer um q   cometa um crime fiscal, aqui se protege quem faz errado.Ano passado coloquei a mãe de minha cunhada no imposto dela como dependente,mas por ter aposentado há alguns meses ela foi parar na malha fina!",http://twitter.com/RafaixHomer/statuses/988606757810376706,988606757810376706,2018-04-23 23:33:13 -0300,2018-04-25 15:08:14 -0300,RafaixHomer,923116998644596736,https://pbs.twimg.com/profile_images/923904930213171200/B5pZxW0u_normal.jpg,,twitter,,"""malha fina""",negativa,4,false,"",,,,,,,,,M,""
667,Twitter - Palavra chave,"@IvanCarlos Eu sempre fiz o meu. Faz dois anos que caio na malha fina. Desta vez achei melhor não arriscar. Se não te faz falta... ótimo, economiza!",http://twitter.com/thassius/statuses/988597296316256257,988597296316256257,2018-04-23 22:55:37 -0300,2018-04-25 15:08:15 -0300,thassius,8209042,https://pbs.twimg.com/profile_images/988522637864390659/Zq1yPZIb_normal.jpg,,twitter,,"""malha fina""",positiva,42482,false,"",-22.9068467,-43.1728965,,Brazil,BR,Rio de Janeiro,RJ,Rio de Janeiro,,""
2005,Facebook Public Pages (Comment),Pop sempre me intrigou como esses caras fazem.sua declaração imposto de renda e a Receita Federal aceita ..caramba eu certa vez cai na malha fina por conta de 100 reais,http://www.facebook.com/PopShowOficial/posts/915755941940687?comment_id=915793415270273,915755941940687_915793415270273,2018-04-23 13:31:46 -0300,2018-04-25 15:16:16 -0300,Usuário desconhecido,915755941940687_915793415270273,,,facebook_public_pages,,"""malha fina""",negativa,1,false,"",,,915755941940687,,,,,,,""
658,Twitter - Palavra chave,"Enquanto isso, cai na malha fina para provar que meu filho era meu filho. https://t.co/7QeeYcNIgu",http://twitter.com/MoacyrDiasFilho/statuses/987841906267885569,987841906267885569,2018-04-21 20:53:58 -0300,2018-04-25 15:08:15 -0300,MoacyrDiasFilho,36338089,https://pbs.twimg.com/profile_images/879048358387691520/XP3kE-Ja_normal.jpg,,twitter,,"""malha fina""",negativa,1122,false,"",-14.235004,-51.92528,,Brazil,BR,,,,,""
721,Twitter - Palavra chave,@matheusmmp entrou na malha fina com a do ano passado?,http://twitter.com/di_rodrix/statuses/987799307070865408,987799307070865408,2018-04-21 18:04:41 -0300,2018-04-25 15:08:18 -0300,di_rodrix,15447595,https://pbs.twimg.com/profile_images/988042815589535745/au68tD7k_normal.jpg,,twitter,,"""malha fina""",neutra,5100,false,"",-18.512178,-44.5550308,,Brazil,BR,Minas Gerais,MG,,M,""
749,Twitter - Palavra chave,@ShelldonCRF cai na malha fina,http://twitter.com/TVMaresol/statuses/987750251158220801,987750251158220801,2018-04-21 14:49:46 -0300,2018-04-25 15:08:19 -0300,TVMaresol,825477081110867968,https://pbs.twimg.com/profile_images/980467686667964417/9tSpoD3k_normal.jpg,,twitter,,"""malha fina""",negativa,22810,false,"",-5.7792569,-35.200916,,Brazil,BR,Rio Grande do Norte,RN,Natal,,""
777,Twitter - Palavra chave,#SP1 Quem cai na malha fina o que tem que fazer?,http://twitter.com/lindinaldol/statuses/987714141438791682,987714141438791682,2018-04-21 12:26:16 -0300,2018-04-25 15:08:20 -0300,lindinaldol,221554491,https://pbs.twimg.com/profile_images/988782556421263360/PoL8jG12_normal.jpg,,twitter,,"""malha fina""",negativa,53381,false,"",-23.5500,-46.6333,,Brazil,BR,São Paulo,SP,São Paulo,M,""
946,Twitter - Palavra chave,@naosalvo Olha a malha fina!,http://twitter.com/klebercCS/statuses/987476466119176192,987476466119176192,2018-04-20 20:41:50 -0300,2018-04-25 15:08:25 -0300,klebercCS,160384708,https://pbs.twimg.com/profile_images/571262034781859840/cYZJrX0L_normal.jpeg,,twitter,,"""malha fina""",neutra,64,false,"",,,,,,,,,,""
46,Twitter - Palavra chave,to achando que vou cair na malha fina,http://twitter.com/rodriiguesb/statuses/987378418563117056,987378418563117056,2018-04-20 14:12:14 -0300,2018-04-25 15:07:32 -0300,rodriiguesb,120793999,https://pbs.twimg.com/profile_images/986658830921752577/_XhZDyd6_normal.jpg,,twitter,,"""malha fina""",neutra,593,false,"",,,,,,,,,,""
50,Twitter - Palavra chave,"Quando eu fico na malha fina da Receita todos os anos por causa de umas receitas médicas, eu fico p. em saber que Maluf vai sair impune. https://t.co/wGBPZT8SXe",http://twitter.com/LuPaiva40/statuses/987365477151334400,987365477151334400,2018-04-20 13:20:48 -0300,2018-04-25 15:07:32 -0300,LuPaiva40,2194840093,https://pbs.twimg.com/profile_images/378800000740228925/11d65503011efc99cc224dbe242d3975_normal.jpeg,,twitter,,"""malha fina""",neutra,69,false,"",-14.235004,-51.92528,,Brazil,BR,,,,,""
61,Twitter - Palavra chave,@nanamelon mamai caiu na malha fina pq fez uma bobagem dessas. e pra explicar?,http://twitter.com/comtesset/statuses/987345487127830528,987345487127830528,2018-04-20 12:01:22 -0300,2018-04-25 15:07:36 -0300,comtesset,119913703,https://pbs.twimg.com/profile_images/987541424873885696/tf8mLvlx_normal.jpg,,twitter,,"""malha fina""",negativa,988,false,"",-23.5505199,-46.63330939999999,,Brazil,BR,São Paulo,SP,,,""
78,Twitter - Palavra chave,Não mudou. Continuo tendo que ir na Malha Fina explicar o recibo do dentista enquanto essas fortunas são movimentadas à vontade.... https://t.co/WCC1z6ogBf,http://twitter.com/Jbribeiro1Wiki/statuses/987321871602462722,987321871602462722,2018-04-20 10:27:32 -0300,2018-04-25 15:07:39 -0300,Jbribeiro1Wiki,25162227,https://pbs.twimg.com/profile_images/670973663374626816/MUlEu8Fe_normal.jpg,,twitter,,"""malha fina""",positiva,119,false,"",-23.5500,-46.6333,,Brazil,BR,São Paulo,SP,São Paulo,,""
128,Twitter - Palavra chave,"@essediafoilouco Carter tá falando isso porque caiu na malha fina, né? rsrsrs",http://twitter.com/1908_danielr/statuses/987115268836032512,987115268836032512,2018-04-19 20:46:34 -0300,2018-04-25 15:07:47 -0300,1908_danielr,973342383067811840,https://pbs.twimg.com/profile_images/985341034593964033/mrCvSOsX_normal.jpg,,twitter,,"""malha fina""",negativa,60,false,"",-19.9166813,-43.9344931,,Brazil,BR,Minas Gerais,MG,Belo Horizonte,,""
288,Restituição do IRPF 2017,"Efetuei a declaração 2016/17 e cai na malha fina causa de R$0,03<br/>Meu rendimento é do INSS pois sou aposentado; infelizmente digitei o valor recebido do INSS com R$ 0,03 a menos do que o informado pelo INSS.<br/>Minha declaração foi parar na malha fina e pelo site é informado que tenho que fazer a retificação, porem não tenho mais os dados pois infelizmente meu com[Editado pelo Reclame Aqui]dor pifou e agora não tenho meios de efetuar esta retificação.<br/>O valor que tenho a restituir é de R$ 2100,00 que esta me fazendo falta e infelizmente não posso ser restituido por miseros  R$ 0,03.",http://www.reclameaqui.com.br/e_Ma481plWlzuK60/receita-federal/Restituição do IRPF 2017/,http://www.reclameaqui.com.br/e_Ma481plWlzuK60/receita-federal/Restituição do IRPF 2017/,2018-04-19 19:55:57 -0300,2018-04-25 15:08:07 -0300,"",,,,reclame_aqui,,"""malha fina""",negativa,1,false,"",,,,,,,,,,""
135,Twitter - Palavra chave,"Você é injustamente cobrado pela @ReceitaFederal, cai na malha fina, chega a notificação que vc tem paga um valor absurdo.. ai, vc busca agendar atendimento para negociar parcelamento, não há data disponível até mês que vem! Brasil sendo Brasil",http://twitter.com/romeritoleal/statuses/987089268106555392,987089268106555392,2018-04-19 19:03:15 -0300,2018-04-25 15:07:48 -0300,romeritoleal,816622756292952064,https://pbs.twimg.com/profile_images/971137783996846081/C1607I6i_normal.jpg,,twitter,,"""malha fina""",negativa,47,false,"",-22.9068467,-43.1728965,,Brazil,BR,Rio de Janeiro,RJ,Rio de Janeiro,M,""
175,Twitter - Palavra chave,Fazer a @motamariam3 cair na malha fina pra deixar de confiar em quem não presta (eu),http://twitter.com/euluana66/statuses/986750413704744961,986750413704744961,2018-04-18 20:36:46 -0300,2018-04-25 15:07:55 -0300,euluana66,341210406,https://pbs.twimg.com/profile_images/985571620491317248/_saimwfm_normal.jpg,,twitter,,"""malha fina""",neutra,205,false,"",-9.975377,-67.8248977,,Brazil,BR,Acre,AC,Rio Branco,F,""
2052,Facebook Public Pages (Comment),"César boa noite,presisei de um documento porque cai na malha fina ,já tenho 9protocolos e não tiver nenhum resposta por causa do planseve. Eu quero o extrato de 2016 até agora espero.",http://www.facebook.com/soucezarleite/posts/1590887531008864?comment_id=1590907431006874,1590887531008864_1590907431006874,2018-04-18 20:32:34 -0300,2018-04-25 15:16:37 -0300,Usuário desconhecido,1590887531008864_1590907431006874,,,facebook_public_pages,,"""malha fina""",neutra,1,false,"",,,1590887531008864,,,,,,,""
2094,Facebook Public Pages (Comment),"Por isso; ainda bem, vc está na malha fina e olha que falta investigação profunda.",http://www.facebook.com/PorUmBrasilMelhorUrgente/posts/874796409389838?comment_id=874797689389710,874796409389838_874797689389710,2018-04-18 19:15:03 -0300,2018-04-25 15:16:39 -0300,Usuário desconhecido,874796409389838_874797689389710,,,facebook_public_pages,,malha-fina,neutra,1,false,"",,,874796409389838,,,,,,,""
200,Twitter - Palavra chave,"É pensar que eu já cai na malha fina por constar a esposa na declaração e esquecer de colocar seus rendimentos , cerca de mil reais. https://t.co/ungiQI5Tcv",http://twitter.com/3smoral/statuses/986611602542727169,986611602542727169,2018-04-18 11:25:11 -0300,2018-04-25 15:08:00 -0300,3smoral,3178266351,https://pbs.twimg.com/profile_images/984031046915297282/73I6nWtj_normal.jpg,,twitter,,"""malha fina""",neutra,104,false,"",,,,,,,,,M,""
660,Twitter - Palavra chave,"@MARCUSPITTER Umas porras dessas a @ReceitaFederal  não vê! Eu caí na malha fina por não ter declarado a renda da minha esposa, q ganhava na época um salário mínimo, ou seja, me ferrei por pouco mais de R$11.000! E a multa foi pesada!!!",http://twitter.com/Fernand38194679/statuses/986211259803668480,986211259803668480,2018-04-17 08:54:21 -0300,2018-04-25 15:08:15 -0300,Fernand38194679,949093434438094848,https://pbs.twimg.com/profile_images/949324549975347200/dFxKyeN3_normal.jpg,,twitter,,"""malha fina""",negativa,221,false,"",-19.9166813,-43.9344931,,Brazil,BR,Minas Gerais,MG,Belo Horizonte,M,""
788,Twitter - Palavra chave,@cesarmartins eu não quero mandar no último dia porque realmente não quero dar o azar de cair na malha fina,http://twitter.com/ericarrache/statuses/986001148032233473,986001148032233473,2018-04-16 18:59:27 -0300,2018-04-25 15:08:20 -0300,ericarrache,158135725,https://pbs.twimg.com/profile_images/981624060936441856/khX4zNmq_normal.jpg,,twitter,,"""malha fina""",negativa,12042,false,"",-30.0346471,-51.2176584,,Brazil,BR,Rio Grande do Sul,RS,Porto Alegre,,""
185,Twitter - Palavra chave,RT @r4chtuita: RECEBIIII O DINHEIRO DA RESTITUIÇÃO DO IR!!!!!!!!!!!! Que dia glorioso! Espero nunca mais cair na malha fina,http://twitter.com/fckisag/statuses/985736192602923009,985736192602923009,2018-04-16 01:26:37 -0300,2018-04-25 15:07:57 -0300,fckisag,1140868286,https://pbs.twimg.com/profile_images/988164427466838016/J2b8sGTJ_normal.jpg,,twitter,,"""malha fina""",positiva,1572,false,"",,,985551750261338112,,,,,,F,""
192,Twitter - Palavra chave,@naosalvo Malha fina - IR,http://twitter.com/carloap/statuses/985716250780295169,985716250780295169,2018-04-16 00:07:22 -0300,2018-04-25 15:07:58 -0300,carloap,19745902,https://pbs.twimg.com/profile_images/988587498254356482/oicUqKSH_normal.jpg,,twitter,,"""malha fina""",neutra,1683,false,"",,,,,,,,,,""
212,Twitter - Palavra chave,Caindo na malha fina do imposto de renda :joy::joy::joy::joy::joy: https://t.co/9f7MFpciSY,http://twitter.com/vefaovivo/statuses/985673456317550593,985673456317550593,2018-04-15 21:17:19 -0300,2018-04-25 15:08:02 -0300,vefaovivo,207049250,https://pbs.twimg.com/profile_images/930615417411907584/gYjKmCfC_normal.jpg,,twitter,,"""malha fina""",neutra,1092,false,"",-16.6868912,-49.2647943,,Brazil,BR,Goiás,GO,Goiânia,M,""
223,Twitter - Palavra chave,RT @Marcelosps65: @elenalandau Caí na malha fina por diferença de 32 centavos entre o que declarei ter recebido de aluguel e o que o inquil…,http://twitter.com/brasildeovelhas/statuses/985662341579763714,985662341579763714,2018-04-15 20:33:09 -0300,2018-04-25 15:08:04 -0300,brasildeovelhas,176859552,https://pbs.twimg.com/profile_images/616309672392454148/U1vCRoF8_normal.jpg,,twitter,,"""malha fina""",neutra,1456,false,"",,,985590922699329541,,,,,,,""
449,Twitter - Palavra chave,@elenalandau Caí na malha fina por diferença de 32 centavos entre o que declarei ter recebido de aluguel e o que o inquilino declarou.  Quem detectou foi o computador da RF.  Os funcionários estão sempre ocupados fazendo greve ou gastando nosso dinheiro de impostos  Falar o quê?,http://twitter.com/Marcelosps65/statuses/985590922699329541,985590922699329541,2018-04-15 15:49:22 -0300,2018-04-25 15:08:08 -0300,Marcelosps65,900138997330169857,https://pbs.twimg.com/profile_images/942450647697383425/evYLfM8Q_normal.jpg,,twitter,,"""malha fina""",negativa,123,false,"",37.09024,-95.712891,,United States,US,Texas,TX,,M,""
566,Twitter - Palavra chave,RECEBIIII O DINHEIRO DA RESTITUIÇÃO DO IR!!!!!!!!!!!! Que dia glorioso! Espero nunca mais cair na malha fina,http://twitter.com/r4chtuita/statuses/985551750261338112,985551750261338112,2018-04-15 13:13:42 -0300,2018-04-25 15:08:11 -0300,r4chtuita,4330163176,https://pbs.twimg.com/profile_images/987437498728091648/dvYAb-gT_normal.jpg,,twitter,,"""malha fina""",positiva,8789,false,"",,,,,,,,,,""
622,Twitter - Palavra chave,@governodobrasil @ReceitaFederal O caralho essa merda me colocou na malha fina me cobrando um absurdo e eu desempregado vai tomar no cu vcs todos FDP,http://twitter.com/riberonoguera/statuses/985516064988647424,985516064988647424,2018-04-15 10:51:54 -0300,2018-04-25 15:08:14 -0300,riberonoguera,56206348,https://pbs.twimg.com/profile_images/490177874209804289/tC_SXSlT_normal.jpeg,,twitter,,"""malha fina""",negativa,43,false,"",,,,,,,,,F,""
655,Twitter - Palavra chave,"Uma tecnologia que me deixou em malha fina por TER declarado ação trabalhista: se não tivesse declarado, restituiria quase um carro popular.... https://t.co/dTk2E3qBVv",http://twitter.com/cramentu/statuses/985505742013726720,985505742013726720,2018-04-15 10:10:53 -0300,2018-04-25 15:08:15 -0300,cramentu,206393224,https://pbs.twimg.com/profile_images/1384932577/LinkedN_normal.JPG,,twitter,,"""malha fina""",positiva,99,false,"",-13.3590601,-39.8153629,,Brazil,BR,Bahia,BA,Cravolândia,,""
672,Twitter - Palavra chave,esse livro marcou minha vida (caí na malha fina) https://t.co/JiyRjPNyeV,http://twitter.com/gugunomeuhd/statuses/985496268989452290,985496268989452290,2018-04-15 09:33:14 -0300,2018-04-25 15:08:16 -0300,gugunomeuhd,224297475,https://pbs.twimg.com/profile_images/938484753128460295/BHKk-QyD_normal.jpg,https://pbs.twimg.com/media/Da0vk_8XcAAs_hv.jpg,twitter,,"""malha fina""",neutra,9915,false,"",,,,,,,,,,""
1498,PI: mais de 3 mil declarações do IR já caíram na malha fina,PI: mais de 3 mil declarações do IR já caíram na malha fina,https://cidadeverde.com/noticias/269340/pi-mais-de-3-mil-declaracoes-do-ir-ja-cairam-na-malha-fina,https://cidadeverde.com/noticias/269340/pi-mais-de-3-mil-declaracoes-do-ir-ja-cairam-na-malha-fina,2018-04-05 12:50:43 -0300,2018-04-25 15:09:10 -0300,"[[""cidadeverde.com""]]",,,,blogosphere,,malha-fina,negativa,1,false,"",,,,,,,,,,""
387,Não consigo agendar a avaliação da malha fina,"Estou desde o final do ano passado agendar um horário em alguns dos postos da Receita Federal em São Paulo para a reanálise da minha declaração de IR de Pessoa Física do Ano Fiscal 2016/2017, onde caí na malha fina.  Simplesmente não há vagas, nunca há vagas.  Estou entrando no site diariamente desde 01/01/2018 e não consigo uma vaga.  Este é um descaso com o contribuinte, que já paga tributos abusivos e não consegue sequer ter sua declaração revista.  Tenho direito à restituição e não como provar isso pois a Receita disponibiliza uma quantidade ridícula de vagas para atendimento.  Quero saber como resolver isso, visto que tenho toda a documentação necessária para comprovar as despesas médicas julgadas ""inconsistentes"" pelo auditores gênios da Receita Federal.",http://www.reclameaqui.com.br/q2FzOEUcwLMWPp4I/receita-federal/Não consigo agendar a avaliação da malha fina/,reclameaqui.com.br/q2FzOEUcwLMWPp4I/receita-federal/Não consigo agendar a avaliação da malha fina/,2018-03-16 14:59:18 -0300,2018-04-25 15:08:08 -0300,"",,,,reclame_aqui,,"""malha fina""",negativa,1,false,"",,,,,,,,,,""
1576,Cartas que pedem atualização de dados bancários na Receita Federal são falsas,"Documento diz que foram detectadas inconsistências no cadastro referentes aos dados bancários declarados e que isso levou o contribuinte a constar ""na lista da malha fina da Receita Federal""",https://www.diariodesuzano.com.br/nacional/cartas-que-pedem-atualizacao-de-dados-bancarios-na-receita-federal-sao/41435/,zano.com.br/nacional/cartas-que-pedem-atualizacao-de-dados-bancarios-na-receita-federal-sao/41435/,2018-03-05 16:32:37 -0300,2018-04-25 15:09:16 -0300,"[[""www.diariodesuzano.com.br""]]",,,,blogosphere,,malha-fina,positiva,1,false,"",,,,,,,,,,""
469,Pagamento do serviço prestado na aplicação da prova do SAEB 2017,"Os aplicadores da prova do SAEB até agora em 2018, não tiveram um posicionamento do pagamento das aplicações do trabalho efetuado. A MINHA GRANDE PREOCUPAÇÃO É COM O IMPOSTO DE RENDA. COM CERTEZA A FUNDAÇÃO REGISTROU COMO  SUA META ORÇAMENTÁRIA DE 2017. QUERO COM URGÊNCIA O EXTRATO DO VALOR QUE AINDA NÃO RECEBI...MAS, QUE COM CERTEZA CONSTA  QUE DEVERIA TER RECEBIDO. JÁ PRESENCIEI APLICADORES CAIREM NA MALHA FINA POR ESTA QUESTÀO.",http://www.reclameaqui.com.br/K8p9NsY7X4iZ88dL/fgv--fundacao-getulio-vargas-/Pagamento do serviço prestado na aplicação da prova do SAEB 2017/,dL/fgv--fundacao-getulio-vargas-/Pagamento do serviço prestado na aplicação da prova do SAEB 2017/,2018-03-04 09:56:57 -0300,2018-04-25 15:08:09 -0300,"",,,,reclame_aqui,,"""malha fina""",negativa,1,false,"",,,,,,,,,,""
494,Retificação de valores informados à Receita Federal do Brasil em relação aos valores pagos no Exercício de 2016 - Ano-Calendário 2017,"Bom dia, solicite a revisão de valores informados à Receita Federal do Brasil em relação aos valores pagos no Exercício de 2016 - Ano-Calendário 2017 por meio do telefone da empresa, tendo em vista que paguei ao todo R$ 15.606,66, sendo dividido em R$ 5.001,72 - Titular, R$ 5.001,72 - Cônjuge, R$ 2.801,61 - Filha e R$ 2.801,61 - Filha, porém para a Receita Federal só foi informado pela Qualicorp o valor de R$ 5.300,87, por este motivo cai na malha fina. Já solicitei por meio de telefone a revisão de valores informados à receita, pois a minha declaração foi feita da forma correta, eu paguei R$ 15.606,66 para o plano de saúde e não apenas R$ 5.300,87. Quero um número de protocolo para poder reclamar na ANS, pois não tenho o da primeira reclamação, mas este deve constar em sistema. <br/>E claro a retificação de valores na DIRF da Qualicorp informando os valores realmente pagos por mim.<br/><br/>Segue documentação comprobatória anexa.<br/><br/>Grata.",http://www.reclameaqui.com.br/Odj-vIwYy2Kdt_pR/qualicorp-administradora-de-beneficios/Retificação de valores informados à Receita Federal do Brasil em relação aos valores pagos no Exercício de 2016 - Ano-Calendário 2017/,Receita Federal do Brasil em relação aos valores pagos no Exercício de 2016 - Ano-Calendário 2017/,2018-03-01 09:14:17 -0300,2018-04-25 15:08:09 -0300,"",,,,reclame_aqui,,"""malha fina""",negativa,1,false,"",,,,,,,,,,""
513,Comprovante de pagamentos efetuados referente ano 2017,"Bom dia, meu nome Alan Braga e sou filho da Sra. Maria Eliane dos Santos titular do plano de sade 0037000000651780-6. Em 05/02/18 liguei para a central de atendimento atravs do protocolo 39332120180205819833 para informar que o comprovante de pagamentos referente ao ano de 2017 est errado devido a existncia de erro de somatrio no ms de MAIO/2017. At hoje no obtive retorno e por isso peo retificao do documento para evitar problemas de malha fina com a receita federal. Grato",http://www.reclameaqui.com.br/6sbtWMRJy3T8UUF8/unimed-rio--rj/Comprovante de pagamentos efetuados referente ano 2017/,qui.com.br/6sbtWMRJy3T8UUF8/unimed-rio--rj/Comprovante de pagamentos efetuados referente ano 2017/,2018-02-19 07:41:07 -0300,2018-04-25 15:08:09 -0300,"",,,,reclame_aqui,,"""malha fina""",negativa,1,false,"",,,,,,,,,,""
532,Informe de Rendimentos para Receita Federal,"Prezados, Quando minha mãe enviou a declaração para Receita Federal, exercício de 2016, o banco Itaú também informou meus proventos recebidos durante esse ano e como ainda sou dependente dela e não recebi o extrato desses rendimentos, minha mãe foi incluída na malha fina. Já solicitei varias vezes esse informe de rendimentos via atendimento por telefone do Itaú e fui informado de que não existe nada a ser informado. Solicito que os comprovantes dos exercícios de 2016 e 2017, me sejam enviados o mais rápido possível. O IRPF 2018 está chegando. Segue documento gerado pela Receita Federal.",http://www.reclameaqui.com.br/uTJP3pIhn2B9AlO1/banco-itau/Informe de Rendimentos para Receita Federal/,://www.reclameaqui.com.br/uTJP3pIhn2B9AlO1/banco-itau/Informe de Rendimentos para Receita Federal/,2018-01-26 19:16:58 -0200,2018-04-25 15:08:09 -0300,"",,,,reclame_aqui,,"""malha fina""",negativa,1,false,"",,,,,,,,,,""
542,Agendar Atendimento,"Bom dia.<br/>Fiz minha declaração de imposto de renda referente ao ano de 2016 conforme informações recebidas da empresa a qual eu presto serviço. Incluindo a Pensão Alimentícia a qual pago mensalmente conforme ação Judicial.Só que como a mãe do meu filho por ser desempregada e não atingir o teto da Receita , se declara isenta do IRPF . Acabo caindo todos os anos na malha fina . Esse ano novamente a mesma burocracia de sempre tenho que agendar a antecipação do IRPF , só que desde o dia 02/01/2018 não consigo agendar um dia se quer para levar os comprovantes que a Receita diz estar com pendência. Já fui na Receita Federal tentar um atendimento pessoal e fui informado que somente com agendamento (feito pela internet) e os dias são limitados com somente 3 horários disponíveis e com os dias programados  . Acho uma sacanagem a pessoa ter de agendar um dia , sendo que eles podem atender pessoalmente um publico que já está com os documentos que comprove que não há pendências no IRPF , sendo que quem esta sonegando Imposto a Receita não pega .<br/><br/>Indignado com a RECEITA FEDERAL .",http://www.reclameaqui.com.br/7lr1tL-7X_zmY-3Y/receita-federal/Agendar Atendimento/,http://www.reclameaqui.com.br/7lr1tL-7X_zmY-3Y/receita-federal/Agendar Atendimento/,2018-01-23 10:52:08 -0200,2018-04-25 15:08:09 -0300,"",,,,reclame_aqui,,"""malha fina""",negativa,1,false,"",,,,,,,,,,""
552,Declaração,A receita federal me incluiu no CADIN sem mesmo me notificar e pior alterou a declaração minha de 2011 em 2014 me colocando assim na malha fina e  ao levar os documentos a  informação e que eu terei que aguardar ate 90 dias no minimo para resolver e pior na procuradoria geral da união segundo me informação não há nenhum promotor trabalhando para que possa retirar o meu nome deste CADIN enquanto não corrigem a falha na mesma. Na metade do mês de janeiro não há nenhum promotor para resolver algo simples e enquanto isso fico sem poder fazer nada.,http://www.reclameaqui.com.br/u7Ckgj2fmFS22yHo/receita-federal/Declaração/,http://www.reclameaqui.com.br/u7Ckgj2fmFS22yHo/receita-federal/Declaração/,2018-01-19 01:56:21 -0200,2018-04-25 15:08:10 -0300,"",,,,reclame_aqui,,"""malha fina""",negativa,1,false,"",,,,,,,,,,""
553,Fiquei retido na malha fina por dois anos seguidos por conta da Receita Federal alegar que o IPESP não declara as contribuições pagas por mim,"Prezados,<br/><br/>Sou advogado militante inscrito no IPESP desde o ano de 2002 e sempre paguei minhas contribuições rigorosamente em dia.<br/><br/>Ocorre que nas declarações de renda dos anos de 2017 e 2016 fiquei retido na malha fina, pois a Receita Federal declarou que o IPESP não informou os pagamentos a eles efetuados.<br/><br/>Por conta disso desde o dia 22.12.17 tenho tentado resolver via telefone o problema, já liguei várias vezes e foi aberto procedimento interno com o nº 163713, sempre informam que ainda não há resposta da área responsável.<br/><br/>Ocorre que não posso mais aguardar a regularização da pendência, pois fui intimado a comparecer na Receita Federal no dia 18.01.18 às 09h00, para resolver meu problema. Preciso URGENTEMENTE de uma solução.<br/><br/>Gostaria da ajuda desse conceituado sítio eletrônico pois meu problema é simples: basta que o IPESP me informe documentalmente que regularizou as pendências acima relatadas ou comprove que enviou na época correta à Receita Federal os valores por mim pagos.<br/><br/>Agradeço a atenção e fico no aguardo.<br/><br/>Atenciosamente,<br/><br/>Rodrigo Silva Navarro",http://www.reclameaqui.com.br/W-B8YMEsvrNYtGis/ipesp/Fiquei retido na malha fina por dois anos seguidos por conta da Receita Federal alegar que o IPESP não declara as contribuições pagas por mim/,guidos por conta da Receita Federal alegar que o IPESP não declara as contribuições pagas por mim/,2018-01-16 11:31:36 -0200,2018-04-25 15:08:10 -0300,"",,,,reclame_aqui,,"""malha fina""",negativa,1,false,"",,,,,,,,,,""
1288,Dois mil contribuintes caem na malha fina,Dois mil contribuintes caem na malha fina,http://impostoderenda08.blogspot.com/2018/01/dois-mil-contribuintes-caem-na-malha.html,http://impostoderenda08.blogspot.com/2018/01/dois-mil-contribuintes-caem-na-malha.html,2018-01-16 10:29:00 -0200,2018-04-25 15:08:55 -0300,"[[""impostoderenda08.blogspot.com""]]",,,,blogosphere,,malha-fina,neutra,1,false,"",,,,,,,,,,""
1342,Receita Federal aponta que 8 mil sergipanos caíram na malha fina - JORNA...,Receita Federal aponta que 8 mil sergipanos caíram na malha fina - JORNA...,http://impostoderenda08.blogspot.com/2018/01/receita-federal-aponta-que-8-mil.html,http://impostoderenda08.blogspot.com/2018/01/receita-federal-aponta-que-8-mil.html,2018-01-16 10:23:00 -0200,2018-04-25 15:08:59 -0300,"[[""impostoderenda08.blogspot.com""]]",,,,blogosphere,,malha-fina,negativa,1,false,"",,,,,,,,,,""
1344,"6,6 mil contribuintes estão na malha fina em Uberlândia. Saiba como proc...","6,6 mil contribuintes estão na malha fina em Uberlândia. Saiba como proc...",http://impostoderenda08.blogspot.com/2018/01/66-mil-contribuintes-estao-na-malha.html,http://impostoderenda08.blogspot.com/2018/01/66-mil-contribuintes-estao-na-malha.html,2018-01-16 10:22:00 -0200,2018-04-25 15:09:00 -0300,"[[""impostoderenda08.blogspot.com""]]",,,,blogosphere,,malha-fina,positiva,1,false,"",,,,,,,,,,""
555,Fui retido na malha fina por dois anos em razão da não informação para a Receita Federal de pagamentos efetuados à Qualicorp,"Prezados,<br/><br/>Tenho tentado resolver meu problema com a Qualicorp desde o dia 22.12.17, sem sucesso.<br/><br/>De forma resumida fiquei retido na malha fina do imposto de renda por dois anos seguidos, exercícios 2017 e 2016, por conta da Qualicorp não ter informado à Receita Federal os pagamentos que efetuei para meu plano de saúde.<br/><br/>Por conta disso entrei em contato com a Qualicorp no dia 22 de dezembro último e foi aberta investigação interna sob o nº 116128673. <br/><br/>Após vários telefonemas foi-me dito pela atendente no dia 12 de janeiro último que realmente os pagamentos não foram informados pela operadora de plano de saúde à receita federal nas épocas corretas, mas que a situação tinha sido regularizada no mesmo dia. Pedi comprovação disso e somente me foram enviadas por meio eletrônico declarações dos valores por mim pagos, situação já conhecida por mero acesso ao sítio eletrônico da Qualicorp.<br/><br/>Na data de hoje (15.01.18) liguei novamente para a Qualicorp e a atendente Barbara abriu nova solicitação, com o nº 116398207 (atendimento nº 11697475), explicando que o documento somente seria disponibilizado por volta de 30.01.18.<br/><br/>Não posso esperar todo esse tempo pois fui intimado a comparecer na Receita Federal no dia 18.01.18, às 09h00 e necessito URGENTE de documento da Qualicorp comprovando que regularizou a situação para mostrar ao atendente.<br/><br/>Grato e no aguardo URGENTE de providências desse respeitado sítio eletrônico em face da Qualicorp.<br/><br/>Atenciosamente,<br/><br/>Rodrigo Silva Navarro",http://www.reclameaqui.com.br/V8aRLW2jV9mhTiRE/qualicorp-administradora-de-beneficios/Fui retido na malha fina por dois anos em razão da não informação para a Receita Federal de pagamentos efetuados à Qualicorp/,r dois anos em razão da não informação para a Receita Federal de pagamentos efetuados à Qualicorp/,2018-01-15 12:13:22 -0200,2018-04-25 15:08:10 -0300,"",,,,reclame_aqui,,"""malha fina""",negativa,1,false,"",,,,,,,,,,""
556,Quero meu boleto ted ou ded,"Faz 3 meses que estou pedindo numero do contrato pois cai na malha fina da receita federal e o unico banco que não me da o numero do meu contrato é o Banco BGN estou vendo ate dinheiro para quitar ja pois é muita falta de de respeito com o cliente deste banco quero  o numero de contrato da parcela 799,30 se não for atendida aqui vou procurar meus direitos pois não sei o que fazer mais.",http://www.reclameaqui.com.br/2XGGJYQacREqqu7T/banco-cetelem/Quero meu boleto ted ou ded/,http://www.reclameaqui.com.br/2XGGJYQacREqqu7T/banco-cetelem/Quero meu boleto ted ou ded/,2018-01-08 16:46:22 -0200,2018-04-25 15:08:10 -0300,"",,,,reclame_aqui,,"""malha fina""",negativa,1,false,"",,,,,,,,,,""
564,Resolvam meu problema!,"Estou com restituição retida em malha fina na Receita Federal por problema administrativo da Unimed/BH que não repassou à receita os valores que paguei durante o ano de 2016 no meu plano empresarial. Assim sendo, eu declarei um determinado valor pago no ano de 2016 e a prestadora de serviços médicos não declarou o mesmo à receita.",http://www.reclameaqui.com.br/XrlfaeNVDuOjqdHj/unimed-bh/Resolvam meu problema!/,http://www.reclameaqui.com.br/XrlfaeNVDuOjqdHj/unimed-bh/Resolvam meu problema!/,2018-01-01 14:13:55 -0200,2018-04-25 15:08:10 -0300,"",,,,reclame_aqui,,"""malha fina""",negativa,1,false,"",,,,,,,,,,""
